Threshold,Precision,Recall
0.1,0.282071896175491,0.9171023151605676
0.2,0.45079855744461617,0.6534727408513816
0.3,0.55648369132856,0.522404779686333
0.4,0.6368390470656595,0.409260642270351
0.5,0.6816901408450704,0.3614637789395071
0.6,0.7064935064935065,0.30470500373412995
0.7,0.7487765089722676,0.1713965646004481
0.8,0.8412698412698413,0.019790888722927558
0.9,0.0,0.0
